RequirementId;CaseId;DocumentId;ProjectId;KravkallaTyp;Kravkategori;Kravsubkategori;KravtextCitat;TolkadKravtext;Kravniva;RattsligHanvisning;Tidsfrist;Kontrollfrekvens;SanktionEllerKonsekvens;UtlosandeVillkor;Avfallsslag;EWC;MaxMangdTon;MaxLagringstid;KopplingKonstruktion;KopplingLakvatten;KopplingKontrollprogram;KopplingRisk;Mallavsnitt;KommunBlankettFalt;BilagaSomStods;MinimikravJaNej;KommunspecifiktJaNej;StatusIAnmalan;Kommentar;Kodningssakerhet;Verifieringsstatus;VerifieradJaNej;VerifieradAv;VerifieradDatum;Feltyp;ValideringsKommentar
KRAV-AUTO-000001;ADMIN-INDEX-2026-02-27-00000000125C043F57453246863FE664CAFE6A3F0700950291EA24F0614FB6ACEDB12BF0E31D00000000010C0000950291EA24F0614FB6ACEDB12BF0E31D00002087B1E10000;cmm4yumxa005ecuqwd2rfqss7;cmm55w57p0004cuisfrtpqly8;Informationskrav;LagringsvolymTid;Maxmangd;Miljö- och byggnadskontoret Mängd (ton) 500 25 100 Beskriv kortfattat hur materialet kommer att användas och hur anläggningsarbetet ska utföras Materialförstärkningen täcks med bärlager och väg-grus.;Miljö- och byggnadskontoret Mängd (ton) 500 25 100 Beskriv kortfattat hur materialet kommer att användas och hur anläggningsarbetet ska utföras Materialförstärkningen täcks med bärlager och väg-grus.;SKA;;;;;Alltid;;556718;;;Nej;Nej;Nej;Nej;4;Avfallsmangder och lagringstid;Avfallsforteckning;Nej;Nej;Ej behandlad;AUTO_GENERERAD. Verifiera citat mot kallfil.;MEDIUM;AUTO;Nej;;;;
KRAV-AUTO-000002;ADMIN-INDEX-2026-02-27-00000000125C043F57453246863FE664CAFE6A3F0700950291EA24F0614FB6ACEDB12BF0E31D00000000010C0000950291EA24F0614FB6ACEDB12BF0E31D00002087B1E10000;cmm4yumxa005ecuqwd2rfqss7;cmm55w57p0004cuisfrtpqly8;Informationskrav;MiljopaverkanForsiktighet;Skyddsatgarder;Beskriv vilken behandling som ska ske av avfallet innan användning, t.ex.;Beskriv vilken behandling som ska ske av avfallet innan användning, t.ex.;SKA;;;;;Alltid;;556718;;;Nej;Nej;Nej;Nej;10;Miljopaverkan och forsiktighetsmatt;Miljo-PM;Nej;Nej;Ej behandlad;AUTO_GENERERAD. Verifiera citat mot kallfil.;MEDIUM;AUTO;Nej;;;;
KRAV-AUTO-000003;ADMIN-INDEX-2026-02-27-00000000125C043F57453246863FE664CAFE6A3F0700950291EA24F0614FB6ACEDB12BF0E31D00000000010C0000950291EA24F0614FB6ACEDB12BF0E31D00002087B1E10000;cmm4yumxa005ecuqwd2rfqss7;cmm55w57p0004cuisfrtpqly8;Informationskrav;DagvattenLakvatten;Uppsamling;Beskriv om särskilda skyddsåtgärder ska vidtas för att minimera risken för att föroreningar sprids.;Beskriv om särskilda skyddsåtgärder ska vidtas för att minimera risken för att föroreningar sprids.;SKA;;;;;Vid nederbord och avrinning;;556718;;;Nej;Ja;Ja;Nej;6;Lakvattenhantering;Flodesschema dagvatten-lakvatten;Nej;Nej;Ej behandlad;AUTO_GENERERAD. Verifiera citat mot kallfil.;MEDIUM;AUTO;Nej;;;;
KRAV-AUTO-000004;ADMIN-INDEX-2026-02-27-00000000125C043F57453246863FE664CAFE6A3F0700950291EA24F0614FB6ACEDB12BF0E31D00000000010C0000950291EA24F0614FB6ACEDB12BF0E31D00002087B1E10000;cmm4yumw2004bcuqwv0icjcu8;cmm55w57p0004cuisfrtpqly8;Informationskrav;LagringsvolymTid;Maxmangd;mer än 10 ton men högst 30 000 ton och avfallet ska användas för byggnads- eller anläggningsändamål, eller 2.;mer än 10 ton men högst 30 000 ton och avfallet ska användas för byggnads- eller anläggningsändamål, eller 2.;SKA;;;;;Alltid;;23 2025;10;;Nej;Nej;Nej;Nej;4;Avfallsmangder och lagringstid;Avfallsforteckning;Nej;Nej;Ej behandlad;AUTO_GENERERAD. Verifiera citat mot kallfil.;MEDIUM;AUTO;Nej;;;;
KRAV-AUTO-000005;ADMIN-INDEX-2026-02-27-00000000125C043F57453246863FE664CAFE6A3F0700950291EA24F0614FB6ACEDB12BF0E31D00000000010C0000950291EA24F0614FB6ACEDB12BF0E31D00002087B1E10000;cmm4yumvv0045cuqwqu9kp9wx;cmm55w57p0004cuisfrtpqly8;Informationskrav;Ytkonstruktion;Tat yta;Massorna som ska användas är en betongplatta som funnits under en spannmålstork som brann upp i början av augusti i år.;Massorna som ska användas är en betongplatta som funnits under en spannmålstork som brann upp i början av augusti i år.;SKA;;;;;Vid mellanlagring av avfall;;17 2024;;;Ja;Nej;Nej;Nej;5;Teknisk beskrivning av platta;Teknisk ritning platta;Nej;Nej;Ej behandlad;AUTO_GENERERAD. Verifiera citat mot kallfil.;MEDIUM;AUTO;Nej;;;;
KRAV-AUTO-000006;ADMIN-INDEX-2026-02-27-00000000125C043F57453246863FE664CAFE6A3F0700950291EA24F0614FB6ACEDB12BF0E31D00000000010C0000950291EA24F0614FB6ACEDB12BF0E31D00002087B1E10000;cmm4yumvv0045cuqwqu9kp9wx;cmm55w57p0004cuisfrtpqly8;Informationskrav;Ytkonstruktion;Tat yta;Betongplattan ska användas som utfyllnad i en vändplan som används för skogsbruket.;Betongplattan ska användas som utfyllnad i en vändplan som används för skogsbruket.;SKA;;;;;Vid mellanlagring av avfall;;17 2024;;;Ja;Nej;Nej;Nej;5;Teknisk beskrivning av platta;Teknisk ritning platta;Nej;Nej;Ej behandlad;AUTO_GENERERAD. Verifiera citat mot kallfil.;MEDIUM;AUTO;Nej;;;;
KRAV-AUTO-000007;ADMIN-INDEX-2026-02-27-00000000125C043F57453246863FE664CAFE6A3F0700950291EA24F0614FB6ACEDB12BF0E31D00000000010C0000950291EA24F0614FB6ACEDB12BF0E31D00002087B1E10000;cmm4yumvv0045cuqwqu9kp9wx;cmm55w57p0004cuisfrtpqly8;Informationskrav;DagvattenLakvatten;Uppsamling;Allt avfall som används ska vara ”rent” och får inte innehålla några föroreningar som kan innebära att föroreningsrisken inte endast är ringa.;Allt avfall som används ska vara ”rent” och får inte innehålla några föroreningar som kan innebära att föroreningsrisken inte endast är ringa.;SKA;;;;Driftbegransning vid avvikelse;Vid nederbord och avrinning;;17 2024;;;Nej;Ja;Ja;Nej;6;Lakvattenhantering;Flodesschema dagvatten-lakvatten;Nej;Nej;Ej behandlad;AUTO_GENERERAD. Verifiera citat mot kallfil.;MEDIUM;AUTO;Nej;;;;
KRAV-AUTO-000008;ADMIN-INDEX-2026-02-27-00000000125C043F57453246863FE664CAFE6A3F0700950291EA24F0614FB6ACEDB12BF0E31D00000000010C0000950291EA24F0614FB6ACEDB12BF0E31D00002087B1D20000;cmm4yumyz0075cuqwsj0akxcx;cmm55w57p0004cuisfrtpqly8;Beslutsvillkor;DagvattenLakvatten;Uppsamling;Enligt bolagets försiktighetsmått 11 framgår följande: För samtliga avfallsmassor som tas in på anläggningen ska det finnas tydlig dokumentation om massornas ursprung och provtagningsresultat som redovisar föroreningsinnehållet eller en bedömning av eventuellt föroreningsinnehåll i det fall det kan anses vara tillräckligt.;Enligt bolagets försiktighetsmått 11 framgår följande: För samtliga avfallsmassor som tas in på anläggningen ska det finnas tydlig dokumentation om massornas ursprung och provtagningsresultat som redovisar föroreningsinnehållet eller en bedömning av eventuellt föroreningsinnehåll i det fall det kan anses vara tillräckl;SKA;;;;;Vid nederbord och avrinning;;88 50 42;;;Nej;Ja;Ja;Nej;6;Lakvattenhantering;Flodesschema dagvatten-lakvatten;Nej;Nej;Ej behandlad;AUTO_GENERERAD. Verifiera citat mot kallfil.;MEDIUM;AUTO;Nej;;;;
KRAV-AUTO-000009;ADMIN-INDEX-2026-02-27-00000000125C043F57453246863FE664CAFE6A3F0700950291EA24F0614FB6ACEDB12BF0E31D00000000010C0000950291EA24F0614FB6ACEDB12BF0E31D00002087B1D20000;cmm4yumyz0075cuqwsj0akxcx;cmm55w57p0004cuisfrtpqly8;Beslutsvillkor;DagvattenLakvatten;Uppsamling;Rutinen ska förklara hur ni avgör när provtagning är nödvändig eller när en bedömning räcker för att fastställa föroreningsinnehållet.;Rutinen ska förklara hur ni avgör när provtagning är nödvändig eller när en bedömning räcker för att fastställa föroreningsinnehållet.;SKA;;;;;Vid nederbord och avrinning;;88 50 42;;;Nej;Ja;Ja;Nej;6;Lakvattenhantering;Flodesschema dagvatten-lakvatten;Nej;Nej;Ej behandlad;AUTO_GENERERAD. Verifiera citat mot kallfil.;MEDIUM;AUTO;Nej;;;;
KRAV-AUTO-000010;ADMIN-INDEX-2026-02-27-00000000125C043F57453246863FE664CAFE6A3F0700950291EA24F0614FB6ACEDB12BF0E31D00000000010C0000950291EA24F0614FB6ACEDB12BF0E31D00002087B1D20000;cmm4yumyz0075cuqwsj0akxcx;cmm55w57p0004cuisfrtpqly8;Beslutsvillkor;DagvattenLakvatten;Uppsamling;Dokumentation om hur lagring av avfallsmassor på lagringsplatsen ska hanteras så att olika avfallsmassor med olika föroreningsinnehåll inte blandas.;Dokumentation om hur lagring av avfallsmassor på lagringsplatsen ska hanteras så att olika avfallsmassor med olika föroreningsinnehåll inte blandas.;SKA;;;;;Vid nederbord och avrinning;;88 50 42;;;Nej;Ja;Ja;Nej;6;Lakvattenhantering;Flodesschema dagvatten-lakvatten;Nej;Nej;Ej behandlad;AUTO_GENERERAD. Verifiera citat mot kallfil.;MEDIUM;AUTO;Nej;;;;
KRAV-AUTO-000011;ADMIN-INDEX-2026-02-27-00000000125C043F57453246863FE664CAFE6A3F0700950291EA24F0614FB6ACEDB12BF0E31D00000000010C0000950291EA24F0614FB6ACEDB12BF0E31D00002087B1E10000;cmm4yumwj004qcuqwa0802nd0;cmm55w57p0004cuisfrtpqly8;Informationskrav;Ytkonstruktion;Tat yta;Flytande råvaror, kemikalier och farligt avfall ska förvaras under tak inom invallning.;Flytande råvaror, kemikalier och farligt avfall ska förvaras under tak inom invallning.;SKA;;;Arlig;;Vid mellanlagring av avfall;;22 2025;;;Ja;Nej;Nej;Nej;5;Teknisk beskrivning av platta;Teknisk ritning platta;Nej;Nej;Ej behandlad;AUTO_GENERERAD. Verifiera citat mot kallfil.;MEDIUM;AUTO;Nej;;;;
KRAV-AUTO-000012;ADMIN-INDEX-2026-02-27-00000000125C043F57453246863FE664CAFE6A3F0700950291EA24F0614FB6ACEDB12BF0E31D00000000010C0000950291EA24F0614FB6ACEDB12BF0E31D00002087B1E10000;cmm4yumwj004qcuqwa0802nd0;cmm55w57p0004cuisfrtpqly8;Informationskrav;Ytkonstruktion;Tat yta;Invallningen ska vara beständig mot det som förvaras däri och rymma största kärlets volym plus 10 % av övriga kärls volym.;Invallningen ska vara beständig mot det som förvaras däri och rymma största kärlets volym plus 10 % av övriga kärls volym.;SKA;;;;;Vid mellanlagring av avfall;;22 2025;;;Ja;Nej;Nej;Nej;5;Teknisk beskrivning av platta;Teknisk ritning platta;Nej;Nej;Ej behandlad;AUTO_GENERERAD. Verifiera citat mot kallfil.;MEDIUM;AUTO;Nej;;;;
KRAV-AUTO-000013;ADMIN-INDEX-2026-02-27-00000000125C043F57453246863FE664CAFE6A3F0700950291EA24F0614FB6ACEDB12BF0E31D00000000010C0000950291EA24F0614FB6ACEDB12BF0E31D00002087B1E10000;cmm4yumwj004qcuqwa0802nd0;cmm55w57p0004cuisfrtpqly8;Informationskrav;Ytkonstruktion;Tat yta;Kemiska produkter som kan befaras medföra risker för människors hälsa eller miljön bör bytas ut mot produkter som antas vara mindre farliga.;Kemiska produkter som kan befaras medföra risker för människors hälsa eller miljön bör bytas ut mot produkter som antas vara mindre farliga.;SKA;;;Arlig;;Vid mellanlagring av avfall;;22 2025;;;Ja;Nej;Nej;Nej;5;Teknisk beskrivning av platta;Teknisk ritning platta;Nej;Nej;Ej behandlad;AUTO_GENERERAD. Verifiera citat mot kallfil.;MEDIUM;AUTO;Nej;;;;
KRAV-AUTO-000014;ADMIN-INDEX-2026-02-27-00000000125C043F57453246863FE664CAFE6A3F0700950291EA24F0614FB6ACEDB12BF0E31D00000000010C0000950291EA24F0614FB6ACEDB12BF0E31D00002087B1E10000;cmm4yumx10055cuqwd8rfxvty;cmm55w57p0004cuisfrtpqly8;Informationskrav;DagvattenLakvatten;Uppsamling;Allt avfall som används ska vara ”rent” och får inte innehålla några föroreningar som kan innebära att föroreningsrisken inte endast är ringa.;Allt avfall som används ska vara ”rent” och får inte innehålla några föroreningar som kan innebära att föroreningsrisken inte endast är ringa.;SKA;;;;Driftbegransning vid avvikelse;Vid nederbord och avrinning;;02 2024;;;Nej;Ja;Ja;Nej;6;Lakvattenhantering;Flodesschema dagvatten-lakvatten;Nej;Nej;Ej behandlad;AUTO_GENERERAD. Verifiera citat mot kallfil.;MEDIUM;AUTO;Nej;;;;
KRAV-AUTO-000015;ADMIN-INDEX-2026-02-27-00000000125C043F57453246863FE664CAFE6A3F0700950291EA24F0614FB6ACEDB12BF0E31D00000000010C0000950291EA24F0614FB6ACEDB12BF0E31D00002087B1E10000;cmm4yumx10055cuqwd8rfxvty;cmm55w57p0004cuisfrtpqly8;Informationskrav;Ytkonstruktion;Tat yta;• Om det använda avfallet behöver flyttas bort i framtiden ska det omhändertas på en godkänd avfallsanläggning eller användas för anläggningsändamål på annan plats efter anmälan till tillsynsmyndigheten.;• Om det använda avfallet behöver flyttas bort i framtiden ska det omhändertas på en godkänd avfallsanläggning eller användas för anläggningsändamål på annan plats efter anmälan till tillsynsmyndigheten.;SKA;;;;;Vid mellanlagring av avfall;;02 2024;;;Ja;Nej;Nej;Nej;5;Teknisk beskrivning av platta;Teknisk ritning platta;Nej;Nej;Ej behandlad;AUTO_GENERERAD. Verifiera citat mot kallfil.;MEDIUM;AUTO;Nej;;;;
KRAV-AUTO-000016;ADMIN-INDEX-2026-02-27-00000000125C043F57453246863FE664CAFE6A3F0700950291EA24F0614FB6ACEDB12BF0E31D00000000010C0000950291EA24F0614FB6ACEDB12BF0E31D00002087B1E10000;cmm4yumx10055cuqwd8rfxvty;cmm55w57p0004cuisfrtpqly8;Informationskrav;DagvattenLakvatten;Uppsamling;Förutsättningarna för att avfallet ska få användas är att syftet är anläggningsändamål och föroreningsrisken är liten.;Förutsättningarna för att avfallet ska få användas är att syftet är anläggningsändamål och föroreningsrisken är liten.;SKA;;;;;Vid nederbord och avrinning;;02 2024;;;Nej;Ja;Ja;Nej;6;Lakvattenhantering;Flodesschema dagvatten-lakvatten;Nej;Nej;Ej behandlad;AUTO_GENERERAD. Verifiera citat mot kallfil.;MEDIUM;AUTO;Nej;;;;
KRAV-AUTO-000017;ADMIN-INDEX-2026-02-27-00000000125C043F57453246863FE664CAFE6A3F0700950291EA24F0614FB6ACEDB12BF0E31D00000000010C0000950291EA24F0614FB6ACEDB12BF0E31D00002087B1D20000;cmm4yumyw0072cuqw88y4d47i;cmm55w57p0004cuisfrtpqly8;Beslutsvillkor;Riskhantering;Riskkontroll;7 § Verksamhetsutövaren skall förteckna de kemiska produkter samt biotekniska organismer som hanteras inom verksamheten och som kan innebära risker från hälso- eller miljösynpunkt.;7 § Verksamhetsutövaren skall förteckna de kemiska produkter samt biotekniska organismer som hanteras inom verksamheten och som kan innebära risker från hälso- eller miljösynpunkt.;SKA;;;;;Vid risk for incident;;88 63 89;;;Nej;Nej;Ja;Ja;8;Riskhantering;Risk-PM;Nej;Nej;Ej behandlad;AUTO_GENERERAD. Verifiera citat mot kallfil.;MEDIUM;AUTO;Nej;;;;
KRAV-AUTO-000018;ADMIN-INDEX-2026-02-27-00000000125C043F57453246863FE664CAFE6A3F0700950291EA24F0614FB6ACEDB12BF0E31D00000000010C0000950291EA24F0614FB6ACEDB12BF0E31D00002087B1D20000;cmm4yumyw0072cuqw88y4d47i;cmm55w57p0004cuisfrtpqly8;Beslutsvillkor;DriftEgenkontroll;Journalforing;Förordning (1998:901) om verksamhetsutövares egenkontroll 6 § Verksamhetsutövaren skall fortlöpande och systematiskt undersöka och bedöma riskerna med verksamheten från hälso- och miljösynpunkt.;Förordning (1998:901) om verksamhetsutövares egenkontroll 6 § Verksamhetsutövaren skall fortlöpande och systematiskt undersöka och bedöma riskerna med verksamheten från hälso- och miljösynpunkt.;SKA;;;Lopande;;Lopande drift;;88 63 89;;;Nej;Nej;Ja;Nej;7;Egenkontrollrutiner;Egenkontrollprogram;Nej;Nej;Ej behandlad;AUTO_GENERERAD. Verifiera citat mot kallfil.;MEDIUM;AUTO;Nej;;;;
KRAV-AUTO-000019;ADMIN-INDEX-2026-02-27-00000000125C043F57453246863FE664CAFE6A3F0700950291EA24F0614FB6ACEDB12BF0E31D00000000010C0000950291EA24F0614FB6ACEDB12BF0E31D00002087B1D20000;cmm4yumyw0072cuqw88y4d47i;cmm55w57p0004cuisfrtpqly8;Beslutsvillkor;DagvattenLakvatten;Uppsamling;M-2021-3120, ska det för samtliga avfallsmassor som tas in på anläggningen finnas dokumentation om massornas ursprung och provtagningsresultat som redovisar föroreningsinnehållet eller en bedömning av eventuellt föroreningsinnehåll i det fall det kan anses vara tillräckligt.;M-2021-3120, ska det för samtliga avfallsmassor som tas in på anläggningen finnas dokumentation om massornas ursprung och provtagningsresultat som redovisar föroreningsinnehållet eller en bedömning av eventuellt föroreningsinnehåll i det fall det kan anses vara tillräckligt.;SKA;;;;;Vid nederbord och avrinning;;88 63 89;;;Nej;Ja;Ja;Nej;6;Lakvattenhantering;Flodesschema dagvatten-lakvatten;Nej;Nej;Ej behandlad;AUTO_GENERERAD. Verifiera citat mot kallfil.;MEDIUM;AUTO;Nej;;;;
KRAV-AUTO-000020;ADMIN-INDEX-2026-02-27-00000000125C043F57453246863FE664CAFE6A3F0700950291EA24F0614FB6ACEDB12BF0E31D00000000010C0000950291EA24F0614FB6ACEDB12BF0E31D00002087B1D20000;cmm4yumyr006zcuqwfswammup;cmm55w57p0004cuisfrtpqly8;Beslutsvillkor;DagvattenLakvatten;Uppsamling;Analyserna visade följande överskridande: Ämne Riktvärde Analysresultat TOC 12 mg/l 84,6 mg/l Oljeindex 1 000 μg/l 43 000 μg/l Koppar 20 μg/l 411 μg/ Nickel 20 μg/l 25,6 μg/ Bly 14 μg/l 26,1 μg/l Zink 60 μg/l 1 410 μg/l Miljö- och hälsoskyddsförvaltningen bedömer det som rimligt att ställa krav på att utgående vatten från verksamhetens oljeavskiljare ska klara de riktvärden som anges i Dagvattenanvisningar för Falkenbergs och Varbergs kommuner.;Analyserna visade följande överskridande: Ämne Riktvärde Analysresultat TOC 12 mg/l 84,6 mg/l Oljeindex 1 000 μg/l 43 000 μg/l Koppar 20 μg/l 411 μg/ Nickel 20 μg/l 25,6 μg/ Bly 14 μg/l 26,1 μg/l Zink 60 μg/l 1 410 μg/l Miljö- och hälsoskyddsförvaltningen bedömer det som rimligt att ställa krav på att utgående vatten f;SKA;;;;;Vid nederbord och avrinning;;88 63 89;;;Nej;Ja;Ja;Nej;6;Lakvattenhantering;Flodesschema dagvatten-lakvatten;Nej;Nej;Ej behandlad;AUTO_GENERERAD. Verifiera citat mot kallfil.;MEDIUM;AUTO;Nej;;;;
KRAV-AUTO-000021;ADMIN-INDEX-2026-02-27-00000000125C043F57453246863FE664CAFE6A3F0700950291EA24F0614FB6ACEDB12BF0E31D00000000010C0000950291EA24F0614FB6ACEDB12BF0E31D00002087B1D20000;cmm4yumyr006zcuqwfswammup;cmm55w57p0004cuisfrtpqly8;Beslutsvillkor;DagvattenLakvatten;Uppsamling;M-2021-3120, ska det för samtliga avfallsmassor som tas in på anläggningen finnas dokumentation om massornas ursprung och provtagningsresultat som redovisar föroreningsinnehållet eller en bedömning av eventuellt föroreningsinnehåll i det fall det kan anses vara tillräckligt.;M-2021-3120, ska det för samtliga avfallsmassor som tas in på anläggningen finnas dokumentation om massornas ursprung och provtagningsresultat som redovisar föroreningsinnehållet eller en bedömning av eventuellt föroreningsinnehåll i det fall det kan anses vara tillräckligt.;SKA;;;;;Vid nederbord och avrinning;;88 63 89;;;Nej;Ja;Ja;Nej;6;Lakvattenhantering;Flodesschema dagvatten-lakvatten;Nej;Nej;Ej behandlad;AUTO_GENERERAD. Verifiera citat mot kallfil.;MEDIUM;AUTO;Nej;;;;
KRAV-AUTO-000022;ADMIN-INDEX-2026-02-27-00000000125C043F57453246863FE664CAFE6A3F0700950291EA24F0614FB6ACEDB12BF0E31D00000000010C0000950291EA24F0614FB6ACEDB12BF0E31D00002087B1D20000;cmm4yumyr006zcuqwfswammup;cmm55w57p0004cuisfrtpqly8;Beslutsvillkor;DagvattenLakvatten;Uppsamling;I din bedömning ska det framgå hur du tagit hänsyn till ursprung på materialet och risk för förorening kopplat till dess ursprung.;I din bedömning ska det framgå hur du tagit hänsyn till ursprung på materialet och risk för förorening kopplat till dess ursprung.;SKA;;;;;Vid nederbord och avrinning;;88 63 89;;;Nej;Ja;Ja;Nej;6;Lakvattenhantering;Flodesschema dagvatten-lakvatten;Nej;Nej;Ej behandlad;AUTO_GENERERAD. Verifiera citat mot kallfil.;MEDIUM;AUTO;Nej;;;;
KRAV-AUTO-000023;ADMIN-INDEX-2026-02-27-00000000125C043F57453246863FE664CAFE6A3F0700950291EA24F0614FB6ACEDB12BF0E31D00000000010C0000950291EA24F0614FB6ACEDB12BF0E31D00002087B1DD0000;cmm4yumy7006ecuqwnx9sxuen;cmm55w57p0004cuisfrtpqly8;Beslutsvillkor;DagvattenLakvatten;Uppsamling;Salem Deponi 1:301 Yoldia Consulting AB Roger Huononen Tallhedsvägen 6 141 42 HUDDINGE Kundnummer: SL8893174 Provbeskrivning: 177-2024-06150267 Provnummer: Kemisk analys påbörjad Ankomsttemp °C Kem Provtagningsdatum** Provtagare** 2024-06-15 05:39 6 2024-06-14 11:00 Roger Huononen Provet ankom: Lakvatten Matris: 2024-06-15 Utskriftsdatum: 2024-07-02 Provmärkning: Deponi 1:301 Analys Resultat Enhet Metod/ref Mäto.;Salem Deponi 1:301 Yoldia Consulting AB Roger Huononen Tallhedsvägen 6 141 42 HUDDINGE Kundnummer: SL8893174 Provbeskrivning: 177-2024-06150267 Provnummer: Kemisk analys påbörjad Ankomsttemp °C Kem Provtagningsdatum** Provtagare** 2024-06-15 05:39 6 2024-06-14 11:00 Roger Huononen Provet ankom: Lakvatten Matris: 2024-0;BOR;;2024-06-15;;;Vid nederbord och avrinning;;135165;;;Nej;Ja;Ja;Nej;6;Lakvattenhantering;Flodesschema dagvatten-lakvatten;Nej;Nej;Ej behandlad;AUTO_GENERERAD. Verifiera citat mot kallfil.;MEDIUM;AUTO;Nej;;;;
KRAV-AUTO-000024;ADMIN-INDEX-2026-02-27-00000000125C043F57453246863FE664CAFE6A3F0700950291EA24F0614FB6ACEDB12BF0E31D00000000010C0000950291EA24F0614FB6ACEDB12BF0E31D00002087B1DD0000;cmm4yumy7006ecuqwnx9sxuen;cmm55w57p0004cuisfrtpqly8;Beslutsvillkor;DriftEgenkontroll;Journalforing;"För att se hur, ta del av vår integritetspolicy på https://www.eurofins.se/om-oss/integritetspolicy/ -- 2 of 3 -- AR-24-SL-135165-01 Í%SQbÂ""f$8BÎ EUSELI2-01304133 Utförande laboratorium/underleverantör: a) Eurofins Environment Testing Sweden AB, SWEDEN, ISO/IEC 17025:2017 SWEDAC 1125 b) Eurofins Water Testing Sweden, SWEDEN, ISO/IEC 17025:2017 SWEDAC 10300 c) Uppgift från provtagare Denna rapport är elektroniskt signerad.";"För att se hur, ta del av vår integritetspolicy på https://www.eurofins.se/om-oss/integritetspolicy/ -- 2 of 3 -- AR-24-SL-135165-01 Í%SQbÂ""f$8BÎ EUSELI2-01304133 Utförande laboratorium/underleverantör: a) Eurofins Environment Testing Sweden AB, SWEDEN, ISO/IEC 17025:2017 SWEDAC 1125 b) Eurofins Water Testing Sweden, S";BOR;;;;;Lopande drift;;135165;;;Nej;Nej;Ja;Nej;7;Egenkontrollrutiner;Egenkontrollprogram;Nej;Nej;Ej behandlad;AUTO_GENERERAD. Verifiera citat mot kallfil.;MEDIUM;AUTO;Nej;;;;
KRAV-AUTO-000025;ADMIN-INDEX-2026-02-27-00000000125C043F57453246863FE664CAFE6A3F0700950291EA24F0614FB6ACEDB12BF0E31D00000000010C0000950291EA24F0614FB6ACEDB12BF0E31D00002087B1D50000;cmm4yumye006kcuqwoqjb4otw;cmm55w57p0004cuisfrtpqly8;Beslutsvillkor;MiljopaverkanForsiktighet;Skyddsatgarder;Avgiften skall täcka den administration som krävs för systemet och som Avfall Sverige (systemägaren) ansvarar för.;Avgiften skall täcka den administration som krävs för systemet och som Avfall Sverige (systemägaren) ansvarar för.;SKA;;;;;Alltid;;;;;Nej;Nej;Nej;Nej;10;Miljopaverkan och forsiktighetsmatt;Miljo-PM;Nej;Nej;Ej behandlad;AUTO_GENERERAD. Verifiera citat mot kallfil.;MEDIUM;AUTO;Nej;;;;
KRAV-AUTO-000026;ADMIN-INDEX-2026-02-27-00000000125C043F57453246863FE664CAFE6A3F0700950291EA24F0614FB6ACEDB12BF0E31D00000000010C0000950291EA24F0614FB6ACEDB12BF0E31D00002087B1D50000;cmm4yumye006kcuqwoqjb4otw;cmm55w57p0004cuisfrtpqly8;Beslutsvillkor;LagringsvolymTid;Maxmangd;Råd och anvisningar för användning av kompost, skall ange vilken mängd kompost som bör eller i före- kommande fall får spridas vid olika tillämpningar.;Råd och anvisningar för användning av kompost, skall ange vilken mängd kompost som bör eller i före- kommande fall får spridas vid olika tillämpningar.;SKA;;;;;Alltid;;;;;Nej;Nej;Nej;Nej;4;Avfallsmangder och lagringstid;Avfallsforteckning;Nej;Nej;Ej behandlad;AUTO_GENERERAD. Verifiera citat mot kallfil.;MEDIUM;AUTO;Nej;;;;
KRAV-AUTO-000027;ADMIN-INDEX-2026-02-27-00000000125C043F57453246863FE664CAFE6A3F0700950291EA24F0614FB6ACEDB12BF0E31D00000000010C0000950291EA24F0614FB6ACEDB12BF0E31D00002087B1D50000;cmm4yumye006kcuqwoqjb4otw;cmm55w57p0004cuisfrtpqly8;Beslutsvillkor;DriftEgenkontroll;Journalforing;Lägsta tillåtna provtagnings- och analysfrekvens Egenkontroll (prov/år) Mottagen totalmängd till biologisk behandling (ton/år) Kvalifikationsår Lägsta frekvens vid fortlöpande kontroll Allt utom bakteriologiska prov Bakteriologiska prov Allt utom b akteriologiska prov Bakteriologiska prov 1) upp till 5 000 2 4 1 4 från 5 000 4 4 2 4 från 10 000 8 4 4 4 1) Den bakteriologiska provtagningen vid den fortlöpande kontrollen skall vid två tillfällen bestå av en provtagning där n=5 [3].;Lägsta tillåtna provtagnings- och analysfrekvens Egenkontroll (prov/år) Mottagen totalmängd till biologisk behandling (ton/år) Kvalifikationsår Lägsta frekvens vid fortlöpande kontroll Allt utom bakteriologiska prov Bakteriologiska prov Allt utom b akteriologiska prov Bakteriologiska prov 1) upp till 5 000 2 4 1 4 från;SKA;;;Lopande;;Lopande drift;;;;;Nej;Nej;Ja;Nej;7;Egenkontrollrutiner;Egenkontrollprogram;Nej;Nej;Ej behandlad;AUTO_GENERERAD. Verifiera citat mot kallfil.;MEDIUM;AUTO;Nej;;;;
KRAV-AUTO-000028;ADMIN-INDEX-2026-02-27-00000000125C043F57453246863FE664CAFE6A3F0700950291EA24F0614FB6ACEDB12BF0E31D00000000010C0000950291EA24F0614FB6ACEDB12BF0E31D00002087B1E10000;cmm4yumx40058cuqwxcca97de;cmm55w57p0004cuisfrtpqly8;Informationskrav;DagvattenLakvatten;Uppsamling;Från dammen rinner en del dagvatten in i skogsområdet och en del pumpar kommunen bort österut till recipient.;Från dammen rinner en del dagvatten in i skogsområdet och en del pumpar kommunen bort österut till recipient.;BOR;;;;;Vid nederbord och avrinning;;;;;Nej;Ja;Ja;Nej;6;Lakvattenhantering;Flodesschema dagvatten-lakvatten;Nej;Nej;Ej behandlad;AUTO_GENERERAD. Verifiera citat mot kallfil.;MEDIUM;AUTO;Nej;;;;
KRAV-AUTO-000029;ADMIN-INDEX-2026-02-27-00000000125C043F57453246863FE664CAFE6A3F0700950291EA24F0614FB6ACEDB12BF0E31D00000000010C0000950291EA24F0614FB6ACEDB12BF0E31D00002087B1E10000;cmm4yumx40058cuqwxcca97de;cmm55w57p0004cuisfrtpqly8;Informationskrav;Riskhantering;Riskkontroll;För att minska risk för brand och minska konsekvenserna om en brand ändå uppkommer iakttas en rad skyddsåtgärder.;För att minska risk för brand och minska konsekvenserna om en brand ändå uppkommer iakttas en rad skyddsåtgärder.;SKA;;;;;Vid risk for incident;;;;;Nej;Nej;Ja;Ja;8;Riskhantering;Risk-PM;Nej;Nej;Ej behandlad;AUTO_GENERERAD. Verifiera citat mot kallfil.;MEDIUM;AUTO;Nej;;;;
KRAV-AUTO-000030;ADMIN-INDEX-2026-02-27-00000000125C043F57453246863FE664CAFE6A3F0700950291EA24F0614FB6ACEDB12BF0E31D00000000010C0000950291EA24F0614FB6ACEDB12BF0E31D00002087B1E10000;cmm4yumx40058cuqwxcca97de;cmm55w57p0004cuisfrtpqly8;Informationskrav;Riskhantering;Riskkontroll;Avfallet kommer endast att utgöras av icke farligt avfall och genom att så snart som möjligt och minst varje dag omlasta avfallet till flak så minskar risken för påverkan på dagvattnet.;Avfallet kommer endast att utgöras av icke farligt avfall och genom att så snart som möjligt och minst varje dag omlasta avfallet till flak så minskar risken för påverkan på dagvattnet.;SKA;;;Arlig;;Vid risk for incident;;;;;Nej;Nej;Ja;Ja;8;Riskhantering;Risk-PM;Nej;Nej;Ej behandlad;AUTO_GENERERAD. Verifiera citat mot kallfil.;MEDIUM;AUTO;Nej;;;;
KRAV-AUTO-000031;ADMIN-INDEX-2026-02-27-00000000125C043F57453246863FE664CAFE6A3F0700950291EA24F0614FB6ACEDB12BF0E31D00000000010C0000950291EA24F0614FB6ACEDB12BF0E31D00002087B1D20000;cmm4yumyo006wcuqw982eyyr8;cmm55w57p0004cuisfrtpqly8;Beslutsvillkor;LagringsvolymTid;Maxmangd;Mängden icke-farligt avfall som yrkesmässigt återvinns genom mekanisk bearbetning i verksamheten och som ska användas för byggnads- och anläggningsändamål får vara högst 20 000 ton per år.;Mängden icke-farligt avfall som yrkesmässigt återvinns genom mekanisk bearbetning i verksamheten och som ska användas för byggnads- och anläggningsändamål får vara högst 20 000 ton per år.;SKA;;;Arlig;;Alltid;;88 63 89;000;;Nej;Nej;Nej;Nej;4;Avfallsmangder och lagringstid;Avfallsforteckning;Nej;Nej;Ej behandlad;AUTO_GENERERAD. Verifiera citat mot kallfil.;MEDIUM;AUTO;Nej;;;;
KRAV-AUTO-000032;ADMIN-INDEX-2026-02-27-00000000125C043F57453246863FE664CAFE6A3F0700950291EA24F0614FB6ACEDB12BF0E31D00000000010C0000950291EA24F0614FB6ACEDB12BF0E31D00002087B1D20000;cmm4yumyo006wcuqw982eyyr8;cmm55w57p0004cuisfrtpqly8;Beslutsvillkor;LagringsvolymTid;Maxmangd;Mängden icke-farligt avfall som yrkesmässigt återvinns genom mekanisk bearbetning i verksamheten och som inte ska användas för byggnads- och anläggningsändamål får vara högst 10 000 ton per år.;Mängden icke-farligt avfall som yrkesmässigt återvinns genom mekanisk bearbetning i verksamheten och som inte ska användas för byggnads- och anläggningsändamål får vara högst 10 000 ton per år.;SKA;;;Arlig;;Alltid;;88 63 89;000;;Nej;Nej;Nej;Nej;4;Avfallsmangder och lagringstid;Avfallsforteckning;Nej;Nej;Ej behandlad;AUTO_GENERERAD. Verifiera citat mot kallfil.;MEDIUM;AUTO;Nej;;;;
KRAV-AUTO-000033;ADMIN-INDEX-2026-02-27-00000000125C043F57453246863FE664CAFE6A3F0700950291EA24F0614FB6ACEDB12BF0E31D00000000010C0000950291EA24F0614FB6ACEDB12BF0E31D00002087B1D20000;cmm4yumyo006wcuqw982eyyr8;cmm55w57p0004cuisfrtpqly8;Beslutsvillkor;MiljopaverkanForsiktighet;Skyddsatgarder;Enligt 27a § förordning om miljöfarlig verksamhet och hälsoskydd ska ett föreläggande om försiktighetsmått till en verksamhet som behandlar avfall innehålla uppgifter om bland annat vilka typer, mänger och metoder för behandling av avfallet som får förekomma.;Enligt 27a § förordning om miljöfarlig verksamhet och hälsoskydd ska ett föreläggande om försiktighetsmått till en verksamhet som behandlar avfall innehålla uppgifter om bland annat vilka typer, mänger och metoder för behandling av avfallet som får förekomma.;SKA;FMH;;Arlig;Forelaggande vid brist;Alltid;;88 63 89;;;Nej;Nej;Nej;Nej;10;Miljopaverkan och forsiktighetsmatt;Miljo-PM;Nej;Nej;Ej behandlad;AUTO_GENERERAD. Verifiera citat mot kallfil.;HIGH;AUTO;Nej;;;;
KRAV-AUTO-000034;ADMIN-INDEX-2026-02-27-00000000125C043F57453246863FE664CAFE6A3F0700950291EA24F0614FB6ACEDB12BF0E31D00000000010C0000950291EA24F0614FB6ACEDB12BF0E31D00002087B1D20000;cmm4yumyl006tcuqwb0tvwtrm;cmm55w57p0004cuisfrtpqly8;Beslutsvillkor;MiljopaverkanForsiktighet;Skyddsatgarder;Avfallet ska vara borttaget senast fyra månader efter att det här beslutet vunnit laga kraft.;Avfallet ska vara borttaget senast fyra månader efter att det här beslutet vunnit laga kraft.;SKA;;senast fyra manader efter att det har;Manadskontroll;;Alltid;;88 63 89;;;Nej;Nej;Nej;Nej;10;Miljopaverkan och forsiktighetsmatt;Miljo-PM;Nej;Nej;Ej behandlad;AUTO_GENERERAD. Verifiera citat mot kallfil.;MEDIUM;AUTO;Nej;;;;
KRAV-AUTO-000035;ADMIN-INDEX-2026-02-27-00000000125C043F57453246863FE664CAFE6A3F0700950291EA24F0614FB6ACEDB12BF0E31D00000000010C0000950291EA24F0614FB6ACEDB12BF0E31D00002087B1D20000;cmm4yumyl006tcuqwb0tvwtrm;cmm55w57p0004cuisfrtpqly8;Beslutsvillkor;MiljopaverkanForsiktighet;Skyddsatgarder;Senast tre veckor efter att allt avfall på fastigheten Hanarp 1:4 har tagits bort ska en skriftlig redovisning lämnas in till miljö- och hälsoskyddsförvaltningen.;Senast tre veckor efter att allt avfall på fastigheten Hanarp 1:4 har tagits bort ska en skriftlig redovisning lämnas in till miljö- och hälsoskyddsförvaltningen.;SKA;;senast tre veckor efter att allt avfa;;;Alltid;;88 63 89;;;Nej;Nej;Nej;Nej;10;Miljopaverkan och forsiktighetsmatt;Miljo-PM;Nej;Nej;Ej behandlad;AUTO_GENERERAD. Verifiera citat mot kallfil.;MEDIUM;AUTO;Nej;;;;
KRAV-AUTO-000036;ADMIN-INDEX-2026-02-27-00000000125C043F57453246863FE664CAFE6A3F0700950291EA24F0614FB6ACEDB12BF0E31D00000000010C0000950291EA24F0614FB6ACEDB12BF0E31D00002087B1D20000;cmm4yumyl006tcuqwb0tvwtrm;cmm55w57p0004cuisfrtpqly8;Beslutsvillkor;MiljopaverkanForsiktighet;Skyddsatgarder;En upplagsplats för avfall som lagras i mer än tre år innan det återvinns eller i mer än ett år innan det bortskaffas är att betrakta som en deponi enligt 15 kap 5 a § i miljöbalken (1998:808).;En upplagsplats för avfall som lagras i mer än tre år innan det återvinns eller i mer än ett år innan det bortskaffas är att betrakta som en deponi enligt 15 kap 5 a § i miljöbalken (1998:808).;SKA;Miljobalken;;;;Alltid;;88 63 89;;;Nej;Nej;Nej;Nej;10;Miljopaverkan och forsiktighetsmatt;Miljo-PM;Nej;Nej;Ej behandlad;AUTO_GENERERAD. Verifiera citat mot kallfil.;HIGH;AUTO;Nej;;;;
KRAV-AUTO-000037;ADMIN-INDEX-2026-02-27-00000000125C043F57453246863FE664CAFE6A3F0700950291EA24F0614FB6ACEDB12BF0E31D00000000010C0000950291EA24F0614FB6ACEDB12BF0E31D00002087B1E10000;cmm4yumx8005bcuqwwdi2vz6z;cmm55w57p0004cuisfrtpqly8;Informationskrav;Ytkonstruktion;Tat yta;Flytande råvaror, kemikalier och farligt avfall ska förvaras under tak inom invallning.;Flytande råvaror, kemikalier och farligt avfall ska förvaras under tak inom invallning.;SKA;;;Arlig;;Vid mellanlagring av avfall;;05 2024;;;Ja;Nej;Nej;Nej;5;Teknisk beskrivning av platta;Teknisk ritning platta;Nej;Nej;Ej behandlad;AUTO_GENERERAD. Verifiera citat mot kallfil.;MEDIUM;AUTO;Nej;;;;
KRAV-AUTO-000038;ADMIN-INDEX-2026-02-27-00000000125C043F57453246863FE664CAFE6A3F0700950291EA24F0614FB6ACEDB12BF0E31D00000000010C0000950291EA24F0614FB6ACEDB12BF0E31D00002087B1E10000;cmm4yumx8005bcuqwwdi2vz6z;cmm55w57p0004cuisfrtpqly8;Informationskrav;MiljopaverkanForsiktighet;Skyddsatgarder;Ordning och struktur skall råda i mellanlagringen av avfallet i den mån det är möjligt och rimligt.;Ordning och struktur skall råda i mellanlagringen av avfallet i den mån det är möjligt och rimligt.;SKA;;;;;Alltid;;05 2024;;;Nej;Nej;Nej;Nej;10;Miljopaverkan och forsiktighetsmatt;Miljo-PM;Nej;Nej;Ej behandlad;AUTO_GENERERAD. Verifiera citat mot kallfil.;MEDIUM;AUTO;Nej;;;;
KRAV-AUTO-000039;ADMIN-INDEX-2026-02-27-00000000125C043F57453246863FE664CAFE6A3F0700950291EA24F0614FB6ACEDB12BF0E31D00000000010C0000950291EA24F0614FB6ACEDB12BF0E31D00002087B1E10000;cmm4yumx8005bcuqwwdi2vz6z;cmm55w57p0004cuisfrtpqly8;Informationskrav;Ytkonstruktion;Tat yta;Invallningen ska vara beständig mot det som förvaras däri och rymma största kärlets volym plus 10 % av övriga kärls volym.;Invallningen ska vara beständig mot det som förvaras däri och rymma största kärlets volym plus 10 % av övriga kärls volym.;SKA;;;;;Vid mellanlagring av avfall;;05 2024;;;Ja;Nej;Nej;Nej;5;Teknisk beskrivning av platta;Teknisk ritning platta;Nej;Nej;Ej behandlad;AUTO_GENERERAD. Verifiera citat mot kallfil.;MEDIUM;AUTO;Nej;;;;
KRAV-AUTO-000040;ADMIN-INDEX-2026-02-27-00000000125C043F57453246863FE664CAFE6A3F0700950291EA24F0614FB6ACEDB12BF0E31D00000000010C0000950291EA24F0614FB6ACEDB12BF0E31D00002087B1E10000;cmm4yumxd005hcuqwxsc6y5nv;cmm55w57p0004cuisfrtpqly8;Informationskrav;MiljopaverkanForsiktighet;Skyddsatgarder;Västerviks kommun, Miljö- och byggnadskontoret, 593 80 Västervik, Besöksadress Lunnargatan 1 Växel 010-355 40 00, E-post: mbn@vastervik.se Webbplats: www.vastervik.se DELEGATIONSBESLUT Diarienummer 2024-06-11 2024-786 Beslutsnummer MILJÖ- OCH BYGGNADSKONTORET 2024-436 Handelshuset I Åtvidaberg AB Aga Rydströms Väg 3 59392 Västervik Lofta-Gröndalen 1:1 – Förbud att anmäld miljöfarlig verksamhet inte får påbörjas förrän miljö- och byggnadsnämnden fattat beslut i ärendet Beslut Miljö- och byggnadsnämnden beslutar att den anmälda miljöfarliga verksamheten, i form av anmälan om avfall för anläggningsändamål, på fastigheten Lofta-Gröndalen 1:1 tills vidare inte får påbörjas.;Västerviks kommun, Miljö- och byggnadskontoret, 593 80 Västervik, Besöksadress Lunnargatan 1 Växel 010-355 40 00, E-post: mbn@vastervik.se Webbplats: www.vastervik.se DELEGATIONSBESLUT Diarienummer 2024-06-11 2024-786 Beslutsnummer MILJÖ- OCH BYGGNADSKONTORET 2024-436 Handelshuset I Åtvidaberg AB Aga Rydströms Väg 3 59;BOR;FMH;2024-06-11;Arlig;Forbud;Alltid;;11 2024;;;Nej;Nej;Nej;Nej;10;Miljopaverkan och forsiktighetsmatt;Miljo-PM;Nej;Nej;Ej behandlad;AUTO_GENERERAD. Verifiera citat mot kallfil.;HIGH;AUTO;Nej;;;;
KRAV-AUTO-000041;ADMIN-INDEX-2026-02-27-00000000125C043F57453246863FE664CAFE6A3F0700950291EA24F0614FB6ACEDB12BF0E31D00000000010C0000950291EA24F0614FB6ACEDB12BF0E31D00002087B5EE0000;cmm4yumvp003zcuqwqxlxa6rl;cmm55w57p0004cuisfrtpqly8;Informationskrav;Riskhantering;Riskkontroll;Förvaring ska ske utan tillgång för obehöriga, utan risk för påkörning och skyddat från nederbörd.;Förvaring ska ske utan tillgång för obehöriga, utan risk för påkörning och skyddat från nederbörd.;SKA;FMH;;;;Vid risk for incident;;556469;;;Nej;Nej;Ja;Ja;8;Riskhantering;Risk-PM;Nej;Nej;Ej behandlad;AUTO_GENERERAD. Verifiera citat mot kallfil.;HIGH;AUTO;Nej;;;;
KRAV-AUTO-000042;ADMIN-INDEX-2026-02-27-00000000125C043F57453246863FE664CAFE6A3F0700950291EA24F0614FB6ACEDB12BF0E31D00000000010C0000950291EA24F0614FB6ACEDB12BF0E31D00002087B5EE0000;cmm4yumvp003zcuqwqxlxa6rl;cmm55w57p0004cuisfrtpqly8;Informationskrav;DagvattenLakvatten;Uppsamling;Dagvatten från verksamheten ska hanteras på ett sådant sätt att det inte uppstår föroreningar, på omgivningen.;Dagvatten från verksamheten ska hanteras på ett sådant sätt att det inte uppstår föroreningar, på omgivningen.;SKA;FMH;;;;Vid nederbord och avrinning;;556469;;;Nej;Ja;Ja;Nej;6;Lakvattenhantering;Flodesschema dagvatten-lakvatten;Nej;Nej;Ej behandlad;AUTO_GENERERAD. Verifiera citat mot kallfil.;HIGH;AUTO;Nej;;;;
KRAV-AUTO-000043;ADMIN-INDEX-2026-02-27-00000000125C043F57453246863FE664CAFE6A3F0700950291EA24F0614FB6ACEDB12BF0E31D00000000010C0000950291EA24F0614FB6ACEDB12BF0E31D00002087B5EE0000;cmm4yumvp003zcuqwqxlxa6rl;cmm55w57p0004cuisfrtpqly8;Informationskrav;Riskhantering;Riskkontroll;6 § Verksamhetsutövaren skall fortlöpande och systematiskt undersöka och bedöma riskerna med verksamheten från hälso- och miljösynpunkt.;6 § Verksamhetsutövaren skall fortlöpande och systematiskt undersöka och bedöma riskerna med verksamheten från hälso- och miljösynpunkt.;SKA;FMH;;Lopande;;Vid risk for incident;;556469;;;Nej;Nej;Ja;Ja;8;Riskhantering;Risk-PM;Nej;Nej;Ej behandlad;AUTO_GENERERAD. Verifiera citat mot kallfil.;HIGH;AUTO;Nej;;;;
KRAV-AUTO-000044;ADMIN-INDEX-2026-02-27-00000000125C043F57453246863FE664CAFE6A3F0700950291EA24F0614FB6ACEDB12BF0E31D00000000010C0000950291EA24F0614FB6ACEDB12BF0E31D00002087B1D20000;cmm4yumyh006ncuqwgc3rsm71;cmm55w57p0004cuisfrtpqly8;Beslutsvillkor;MiljopaverkanForsiktighet;Skyddsatgarder;Avfallet ska vara borttaget senast två månader efter att det här beslutet vunnit laga kraft.;Avfallet ska vara borttaget senast två månader efter att det här beslutet vunnit laga kraft.;SKA;;senast tva manader efter att det har;Manadskontroll;;Alltid;;88 63 89;;;Nej;Nej;Nej;Nej;10;Miljopaverkan och forsiktighetsmatt;Miljo-PM;Nej;Nej;Ej behandlad;AUTO_GENERERAD. Verifiera citat mot kallfil.;MEDIUM;AUTO;Nej;;;;
KRAV-AUTO-000045;ADMIN-INDEX-2026-02-27-00000000125C043F57453246863FE664CAFE6A3F0700950291EA24F0614FB6ACEDB12BF0E31D00000000010C0000950291EA24F0614FB6ACEDB12BF0E31D00002087B1D20000;cmm4yumyh006ncuqwgc3rsm71;cmm55w57p0004cuisfrtpqly8;Beslutsvillkor;MiljopaverkanForsiktighet;Skyddsatgarder;Hanarp 1:4 Postadress Falkenbergs kommun Miljö- och hälsoskyddsnämnden 311 80 Falkenberg Besöksadress Stadshuset, Kuben Rådhustorget 3C Telefon 0346-88 60 00 E-post miljo.halsa@falkenberg.se Hemsida kommun.falkenberg.se En upplagsplats för avfall som lagras i mer än tre år innan det återvinns eller i mer än ett år innan det bortskaffas är att betrakta som en deponi enligt 15 kap 5 a § i miljöbalken.;Hanarp 1:4 Postadress Falkenbergs kommun Miljö- och hälsoskyddsnämnden 311 80 Falkenberg Besöksadress Stadshuset, Kuben Rådhustorget 3C Telefon 0346-88 60 00 E-post miljo.halsa@falkenberg.se Hemsida kommun.falkenberg.se En upplagsplats för avfall som lagras i mer än tre år innan det återvinns eller i mer än ett år inna;SKA;Miljobalken;;;;Alltid;;88 60 00;;;Nej;Nej;Nej;Nej;10;Miljopaverkan och forsiktighetsmatt;Miljo-PM;Nej;Nej;Ej behandlad;AUTO_GENERERAD. Verifiera citat mot kallfil.;HIGH;AUTO;Nej;;;;
KRAV-AUTO-000046;ADMIN-INDEX-2026-02-27-00000000125C043F57453246863FE664CAFE6A3F0700950291EA24F0614FB6ACEDB12BF0E31D00000000010C0000950291EA24F0614FB6ACEDB12BF0E31D00002087B1D20000;cmm4yumyh006ncuqwgc3rsm71;cmm55w57p0004cuisfrtpqly8;Beslutsvillkor;LagringsvolymTid;Maxmangd;Se till att allt avfall (se bilaga 2), i form av sten, betong, asfalt och grenar, som finns på gårdsplanen på fastigheten Hanarp 1:4 tas bort.;Se till att allt avfall (se bilaga 2), i form av sten, betong, asfalt och grenar, som finns på gårdsplanen på fastigheten Hanarp 1:4 tas bort.;BOR;;;;;Alltid;;88 63 89;;;Nej;Nej;Nej;Nej;4;Avfallsmangder och lagringstid;Avfallsforteckning;Nej;Nej;Ej behandlad;AUTO_GENERERAD. Verifiera citat mot kallfil.;MEDIUM;AUTO;Nej;;;;
KRAV-AUTO-000047;ADMIN-INDEX-2026-02-27-00000000125C043F57453246863FE664CAFE6A3F0700950291EA24F0614FB6ACEDB12BF0E31D00000000010C0000950291EA24F0614FB6ACEDB12BF0E31D00002087B1DD0000;cmm4yumy5006bcuqwtam8nvjw;cmm55w57p0004cuisfrtpqly8;Beslutsvillkor;DagvattenLakvatten;Uppsamling;Deponin skall enligt delegationsbeslut 14/2011 (Salems kommun 2011-09-07) ha en provtagningsplan för kontroll av lakvatten.;Deponin skall enligt delegationsbeslut 14/2011 (Salems kommun 2011-09-07) ha en provtagningsplan för kontroll av lakvatten.;SKA;;2011-09-07;;;Vid nederbord och avrinning;;556555;;;Nej;Ja;Ja;Nej;6;Lakvattenhantering;Flodesschema dagvatten-lakvatten;Nej;Nej;Ej behandlad;AUTO_GENERERAD. Verifiera citat mot kallfil.;MEDIUM;AUTO;Nej;;;;
KRAV-AUTO-000048;ADMIN-INDEX-2026-02-27-00000000125C043F57453246863FE664CAFE6A3F0700950291EA24F0614FB6ACEDB12BF0E31D00000000010C0000950291EA24F0614FB6ACEDB12BF0E31D00002087B1DD0000;cmm4yumy5006bcuqwtam8nvjw;cmm55w57p0004cuisfrtpqly8;Beslutsvillkor;DagvattenLakvatten;Uppsamling;Salem Deponi 1:301 Yoldia Consulting AB Roger Huononen Tallhedsvägen 6 141 42 HUDDINGE Kundnummer: SL8893174 Provbeskrivning: 177-2023-04140428 Provnummer: Kemisk analys påbörjad Ankomsttemp °C Kem Provtagningsdatum** Provtagare** 2023-04-14 06:04 8 2023-04-13 11:30 Roger Huononen Provet ankom: Lakvatten Matris: 2023-04-14 Utskriftsdatum: 2023-04-25 Provmärkning: Deponi 1:301 Analys Resultat Enhet Metod/ref Mäto.;Salem Deponi 1:301 Yoldia Consulting AB Roger Huononen Tallhedsvägen 6 141 42 HUDDINGE Kundnummer: SL8893174 Provbeskrivning: 177-2023-04140428 Provnummer: Kemisk analys påbörjad Ankomsttemp °C Kem Provtagningsdatum** Provtagare** 2023-04-14 06:04 8 2023-04-13 11:30 Roger Huononen Provet ankom: Lakvatten Matris: 2023-0;BOR;;2023-04-14;;;Vid nederbord och avrinning;;556555;;;Nej;Ja;Ja;Nej;6;Lakvattenhantering;Flodesschema dagvatten-lakvatten;Nej;Nej;Ej behandlad;AUTO_GENERERAD. Verifiera citat mot kallfil.;MEDIUM;AUTO;Nej;;;;
KRAV-AUTO-000049;ADMIN-INDEX-2026-02-27-00000000125C043F57453246863FE664CAFE6A3F0700950291EA24F0614FB6ACEDB12BF0E31D00000000010C0000950291EA24F0614FB6ACEDB12BF0E31D00002087B1DD0000;cmm4yumy5006bcuqwtam8nvjw;cmm55w57p0004cuisfrtpqly8;Beslutsvillkor;DagvattenLakvatten;Uppsamling;Salem Deponi 1:301 Yoldia Consulting AB Roger Huononen Tallhedsvägen 6 141 42 HUDDINGE Kundnummer: SL8893174 Provbeskrivning: 177-2023-10131151 Provnummer: Kemisk analys påbörjad Ankomsttemp °C Kem Provtagningsdatum** Provtagare** 2023-10-13 11:00 7 2023-10-12 10:10 Roger Huononen Provet ankom: Lakvatten Matris: 2023-10-13 Utskriftsdatum: 2023-10-24 Provmärkning: Deponi 1:301 Analys Resultat Enhet Metod/ref Mäto.;Salem Deponi 1:301 Yoldia Consulting AB Roger Huononen Tallhedsvägen 6 141 42 HUDDINGE Kundnummer: SL8893174 Provbeskrivning: 177-2023-10131151 Provnummer: Kemisk analys påbörjad Ankomsttemp °C Kem Provtagningsdatum** Provtagare** 2023-10-13 11:00 7 2023-10-12 10:10 Roger Huononen Provet ankom: Lakvatten Matris: 2023-1;BOR;;2023-10-13;;;Vid nederbord och avrinning;;556555;;;Nej;Ja;Ja;Nej;6;Lakvattenhantering;Flodesschema dagvatten-lakvatten;Nej;Nej;Ej behandlad;AUTO_GENERERAD. Verifiera citat mot kallfil.;MEDIUM;AUTO;Nej;;;;
KRAV-AUTO-000050;ADMIN-INDEX-2026-02-27-00000000125C043F57453246863FE664CAFE6A3F0700950291EA24F0614FB6ACEDB12BF0E31D00000000010C0000950291EA24F0614FB6ACEDB12BF0E31D00002087B1E10000;cmm4yumw9004hcuqw61waiecf;cmm55w57p0004cuisfrtpqly8;Informationskrav;Ytkonstruktion;Tat yta;Flytande råvaror, kemikalier och farligt avfall ska förvaras under tak inom invallning.;Flytande råvaror, kemikalier och farligt avfall ska förvaras under tak inom invallning.;SKA;;;Arlig;;Vid mellanlagring av avfall;;05 2025;;;Ja;Nej;Nej;Nej;5;Teknisk beskrivning av platta;Teknisk ritning platta;Nej;Nej;Ej behandlad;AUTO_GENERERAD. Verifiera citat mot kallfil.;MEDIUM;AUTO;Nej;;;;
KRAV-AUTO-000051;ADMIN-INDEX-2026-02-27-00000000125C043F57453246863FE664CAFE6A3F0700950291EA24F0614FB6ACEDB12BF0E31D00000000010C0000950291EA24F0614FB6ACEDB12BF0E31D00002087B1E10000;cmm4yumw9004hcuqw61waiecf;cmm55w57p0004cuisfrtpqly8;Informationskrav;Ytkonstruktion;Tat yta;Invallningen ska vara beständig mot det som förvaras däri och rymma största kärlets volym plus 10 % av övriga kärls volym.;Invallningen ska vara beständig mot det som förvaras däri och rymma största kärlets volym plus 10 % av övriga kärls volym.;SKA;;;;;Vid mellanlagring av avfall;;05 2025;;;Ja;Nej;Nej;Nej;5;Teknisk beskrivning av platta;Teknisk ritning platta;Nej;Nej;Ej behandlad;AUTO_GENERERAD. Verifiera citat mot kallfil.;MEDIUM;AUTO;Nej;;;;
KRAV-AUTO-000052;ADMIN-INDEX-2026-02-27-00000000125C043F57453246863FE664CAFE6A3F0700950291EA24F0614FB6ACEDB12BF0E31D00000000010C0000950291EA24F0614FB6ACEDB12BF0E31D00002087B1E10000;cmm4yumw9004hcuqw61waiecf;cmm55w57p0004cuisfrtpqly8;Informationskrav;MiljopaverkanForsiktighet;Skyddsatgarder;• Uppkomst av avfall ska i första hand förebyggas.;• Uppkomst av avfall ska i första hand förebyggas.;SKA;;;;;Alltid;;05 2025;;;Nej;Nej;Nej;Nej;10;Miljopaverkan och forsiktighetsmatt;Miljo-PM;Nej;Nej;Ej behandlad;AUTO_GENERERAD. Verifiera citat mot kallfil.;MEDIUM;AUTO;Nej;;;;
KRAV-AUTO-000053;ADMIN-INDEX-2026-02-27-00000000125C043F57453246863FE664CAFE6A3F0700950291EA24F0614FB6ACEDB12BF0E31D00000000010C0000950291EA24F0614FB6ACEDB12BF0E31D00002087B5EE0000;cmm4yumvl003wcuqwuzlxnesd;cmm55w57p0004cuisfrtpqly8;Beslutsvillkor;MiljopaverkanForsiktighet;Skyddsatgarder;Kirveskarivägen 96 953 92 Haparanda Org nr 556469-0187 Kontakt: Krister Asplund krister@asplundslast.se 0705221401 Från: Natalie Öman <Natalie.Oman@haparanda.se> Skickat: fredag, november 28, 2025 1:45 em Till: Krister Asplund <krister@asplundslast.se> Kopia: Mia Jakobsson <Miia.Jakobsson@haparanda.se> Ämne: Sv: Avfallskoder Förstår.;Kirveskarivägen 96 953 92 Haparanda Org nr 556469-0187 Kontakt: Krister Asplund krister@asplundslast.se 0705221401 Från: Natalie Öman <Natalie.Oman@haparanda.se> Skickat: fredag, november 28, 2025 1:45 em Till: Krister Asplund <krister@asplundslast.se> Kopia: Mia Jakobsson <Miia.Jakobsson@haparanda.se> Ämne: Sv: Avfall;SKA;;;;;Alltid;;556469;;;Nej;Nej;Nej;Nej;10;Miljopaverkan och forsiktighetsmatt;Miljo-PM;Nej;Nej;Ej behandlad;AUTO_GENERERAD. Verifiera citat mot kallfil.;MEDIUM;AUTO;Nej;;;;
KRAV-AUTO-000054;ADMIN-INDEX-2026-02-27-00000000125C043F57453246863FE664CAFE6A3F0700950291EA24F0614FB6ACEDB12BF0E31D00000000010C0000950291EA24F0614FB6ACEDB12BF0E31D00002087B5EE0000;cmm4yumvl003wcuqwuzlxnesd;cmm55w57p0004cuisfrtpqly8;Beslutsvillkor;MiljopaverkanForsiktighet;Skyddsatgarder;Här kommer våra avfallskoder Leveransadress: -- 3 of 5 -- Köpmansgatan 99 953 33 Haparanda Org nr 556469-0187 Kontakt: Krister Asplund krister@asplundslast.se 0705221401 Faktura: fakturor@asplundslast.se Kirveskarivägen 96 953 92 Haparanda Från: Natalie Öman <Natalie.Oman@haparanda.se> Skickat: den 24 november 2025 13:36 Till: Krister Asplund <krister@asplundslast.se> Kopia: Mia Jakobsson <Miia.Jakobsson@haparanda.se> Ämne: Avfallskoder Hej Krister Här får du mailet med information om vad du ska komplettera med.;Här kommer våra avfallskoder Leveransadress: -- 3 of 5 -- Köpmansgatan 99 953 33 Haparanda Org nr 556469-0187 Kontakt: Krister Asplund krister@asplundslast.se 0705221401 Faktura: fakturor@asplundslast.se Kirveskarivägen 96 953 92 Haparanda Från: Natalie Öman <Natalie.Oman@haparanda.se> Skickat: den 24 november 2025 13:;SKA;;;;;Alltid;;556469;;;Nej;Nej;Nej;Nej;10;Miljopaverkan och forsiktighetsmatt;Miljo-PM;Nej;Nej;Ej behandlad;AUTO_GENERERAD. Verifiera citat mot kallfil.;MEDIUM;AUTO;Nej;;;;
KRAV-AUTO-000055;ADMIN-INDEX-2026-02-27-00000000125C043F57453246863FE664CAFE6A3F0700950291EA24F0614FB6ACEDB12BF0E31D00000000010C0000950291EA24F0614FB6ACEDB12BF0E31D00002087B5EE0000;cmm4yumvl003wcuqwuzlxnesd;cmm55w57p0004cuisfrtpqly8;Beslutsvillkor;TransportLogistik;Transportvagar;Ibland kommer det metaller som vi lagrar för vidare transport till metallåtervinings anläggning, till exempel räls från järnväg, ståltrummor från vägar och övrigt rivet järnmaterial Kirveskarivägen 96 953 92 Haparanda Org nr 556469-0187 Kontakt: Krister Asplund -- 2 of 5 -- krister@asplundslast.se 0705221401 Från: Natalie Öman <Natalie.Oman@haparanda.se> Skickat: Thursday, November 27, 2025 1:41:00 PM Till: Krister Asplund <krister@asplundslast.se> Kopia: Mia Jakobsson <Miia.Jakobsson@haparanda.se> Ämne: Sv: Avfallskoder Hej Tack för detta!;Ibland kommer det metaller som vi lagrar för vidare transport till metallåtervinings anläggning, till exempel räls från järnväg, ståltrummor från vägar och övrigt rivet järnmaterial Kirveskarivägen 96 953 92 Haparanda Org nr 556469-0187 Kontakt: Krister Asplund -- 2 of 5 -- krister@asplundslast.se 0705221401 Från: Nata;SKA;;;;;Vid transporter;;556469;;;Nej;Nej;Nej;Ja;9;Transporter och logistik;Trafikplan;Nej;Nej;Ej behandlad;AUTO_GENERERAD. Verifiera citat mot kallfil.;MEDIUM;AUTO;Nej;;;;
KRAV-AUTO-000056;ADMIN-INDEX-2026-02-27-00000000125C043F57453246863FE664CAFE6A3F0700950291EA24F0614FB6ACEDB12BF0E31D00000000010C0000950291EA24F0614FB6ACEDB12BF0E31D00002087B1DD0000;cmm4yumy20068cuqw8jecwk4u;cmm55w57p0004cuisfrtpqly8;Beslutsvillkor;DagvattenLakvatten;Uppsamling;-- 3 of 5 -- 4 Kontrollprogram Provtagning och analys av lakvatten från deponin skall utföras två gånger per år (Tabell 1).;-- 3 of 5 -- 4 Kontrollprogram Provtagning och analys av lakvatten från deponin skall utföras två gånger per år (Tabell 1).;SKA;;;;;Vid nederbord och avrinning;;556555;;;Nej;Ja;Ja;Nej;6;Lakvattenhantering;Flodesschema dagvatten-lakvatten;Nej;Nej;Ej behandlad;AUTO_GENERERAD. Verifiera citat mot kallfil.;MEDIUM;AUTO;Nej;;;;
KRAV-AUTO-000057;ADMIN-INDEX-2026-02-27-00000000125C043F57453246863FE664CAFE6A3F0700950291EA24F0614FB6ACEDB12BF0E31D00000000010C0000950291EA24F0614FB6ACEDB12BF0E31D00002087B1DD0000;cmm4yumy20068cuqw8jecwk4u;cmm55w57p0004cuisfrtpqly8;Beslutsvillkor;DagvattenLakvatten;Uppsamling;Deponin skall enligt beslut med Dnr 2009/0386 ha en provtagningsplan för kontroll av lakvatten.;Deponin skall enligt beslut med Dnr 2009/0386 ha en provtagningsplan för kontroll av lakvatten.;SKA;;;;;Vid nederbord och avrinning;;556555;;;Nej;Ja;Ja;Nej;6;Lakvattenhantering;Flodesschema dagvatten-lakvatten;Nej;Nej;Ej behandlad;AUTO_GENERERAD. Verifiera citat mot kallfil.;MEDIUM;AUTO;Nej;;;;
KRAV-AUTO-000058;ADMIN-INDEX-2026-02-27-00000000125C043F57453246863FE664CAFE6A3F0700950291EA24F0614FB6ACEDB12BF0E31D00000000010C0000950291EA24F0614FB6ACEDB12BF0E31D00002087B1DD0000;cmm4yumy20068cuqw8jecwk4u;cmm55w57p0004cuisfrtpqly8;Beslutsvillkor;DriftEgenkontroll;Journalforing;Kontrollprogrammet skall revideras vart tredje år.;Kontrollprogrammet skall revideras vart tredje år.;SKA;;;;;Lopande drift;;556555;;;Nej;Nej;Ja;Nej;7;Egenkontrollrutiner;Egenkontrollprogram;Nej;Nej;Ej behandlad;AUTO_GENERERAD. Verifiera citat mot kallfil.;MEDIUM;AUTO;Nej;;;;
KRAV-AUTO-000059;ADMIN-INDEX-2026-02-27-00000000125C043F57453246863FE664CAFE6A3F0700950291EA24F0614FB6ACEDB12BF0E31D00000000010C0000950291EA24F0614FB6ACEDB12BF0E31D00002087B1E10000;cmm4yumxj005ncuqwcvbtnwbe;cmm55w57p0004cuisfrtpqly8;Informationskrav;DagvattenLakvatten;Uppsamling;Allt avfall som används ska vara ”rent” och får inte innehålla några föroreningar som kan innebära att föroreningsrisken inte endast är ringa.;Allt avfall som används ska vara ”rent” och får inte innehålla några föroreningar som kan innebära att föroreningsrisken inte endast är ringa.;SKA;;;;Driftbegransning vid avvikelse;Vid nederbord och avrinning;;27 2024;;;Nej;Ja;Ja;Nej;6;Lakvattenhantering;Flodesschema dagvatten-lakvatten;Nej;Nej;Ej behandlad;AUTO_GENERERAD. Verifiera citat mot kallfil.;MEDIUM;AUTO;Nej;;;;
KRAV-AUTO-000060;ADMIN-INDEX-2026-02-27-00000000125C043F57453246863FE664CAFE6A3F0700950291EA24F0614FB6ACEDB12BF0E31D00000000010C0000950291EA24F0614FB6ACEDB12BF0E31D00002087B1E10000;cmm4yumxj005ncuqwcvbtnwbe;cmm55w57p0004cuisfrtpqly8;Informationskrav;Ytkonstruktion;Tat yta;• Om det använda avfallet behöver flyttas bort i framtiden ska det omhändertas på en godkänd avfallsanläggning eller användas för anläggningsändamål på annan plats efter anmälan till tillsynsmyndigheten.;• Om det använda avfallet behöver flyttas bort i framtiden ska det omhändertas på en godkänd avfallsanläggning eller användas för anläggningsändamål på annan plats efter anmälan till tillsynsmyndigheten.;SKA;;;;;Vid mellanlagring av avfall;;27 2024;;;Ja;Nej;Nej;Nej;5;Teknisk beskrivning av platta;Teknisk ritning platta;Nej;Nej;Ej behandlad;AUTO_GENERERAD. Verifiera citat mot kallfil.;MEDIUM;AUTO;Nej;;;;
KRAV-AUTO-000061;ADMIN-INDEX-2026-02-27-00000000125C043F57453246863FE664CAFE6A3F0700950291EA24F0614FB6ACEDB12BF0E31D00000000010C0000950291EA24F0614FB6ACEDB12BF0E31D00002087B1E10000;cmm4yumxj005ncuqwcvbtnwbe;cmm55w57p0004cuisfrtpqly8;Informationskrav;DagvattenLakvatten;Uppsamling;Förutsättningarna för att avfallet ska få användas är att syftet är anläggningsändamål och föroreningsrisken är liten.;Förutsättningarna för att avfallet ska få användas är att syftet är anläggningsändamål och föroreningsrisken är liten.;SKA;;;;;Vid nederbord och avrinning;;27 2024;;;Nej;Ja;Ja;Nej;6;Lakvattenhantering;Flodesschema dagvatten-lakvatten;Nej;Nej;Ej behandlad;AUTO_GENERERAD. Verifiera citat mot kallfil.;MEDIUM;AUTO;Nej;;;;
KRAV-AUTO-000062;ADMIN-INDEX-2026-02-27-00000000125C043F57453246863FE664CAFE6A3F0700950291EA24F0614FB6ACEDB12BF0E31D00000000010C0000950291EA24F0614FB6ACEDB12BF0E31D00002087B1E10000;cmm4yumvs0042cuqw49d8jgsb;cmm55w57p0004cuisfrtpqly8;Informationskrav;Ytkonstruktion;Tat yta;"15 01 01) | Mängd (ton) Bilaga:4, avfallsförordningen 2011:927 = I went platta JO Uppgifter om avfallet Syftet med uppläggningen av avfallet Bredda en os da djo/lceh Beskriv kortfattat hur materialet kommer att användas och hur anläggningsarbetet ska utföras P lanen oas vt Så vänd plan blin SLörpre, Tidplan och arbetstider, ange start- och slutdatum Ö > 20 me a 3/12 -24- 2 7 Fyllnadshöjd (m) Avfallets ursprung em & nh k j Jo ""4 6 oe = Om avfallet kommer från rivning av byggnad, vad har byggnaden tidigare använts till?";15 01 01) | Mängd (ton) Bilaga:4, avfallsförordningen 2011:927 = I went platta JO Uppgifter om avfallet Syftet med uppläggningen av avfallet Bredda en os da djo/lceh Beskriv kortfattat hur materialet kommer att användas och hur anläggningsarbetet ska utföras P lanen oas vt Så vänd plan blin SLörpre, Tidplan och arbetst;SKA;;;;;Vid mellanlagring av avfall;;15 01 01;;;Ja;Nej;Nej;Nej;5;Teknisk beskrivning av platta;Teknisk ritning platta;Nej;Nej;Ej behandlad;AUTO_GENERERAD. Verifiera citat mot kallfil.;MEDIUM;AUTO;Nej;;;;
KRAV-AUTO-000063;ADMIN-INDEX-2026-02-27-00000000125C043F57453246863FE664CAFE6A3F0700950291EA24F0614FB6ACEDB12BF0E31D00000000010C0000950291EA24F0614FB6ACEDB12BF0E31D00002087B1E10000;cmm4yumvs0042cuqw49d8jgsb;cmm55w57p0004cuisfrtpqly8;Informationskrav;MiljopaverkanForsiktighet;Skyddsatgarder;Oman Jögsgar 25 Beskriv vilken behandling som ska ske av avfallet innan användning, t.ex.;Oman Jögsgar 25 Beskriv vilken behandling som ska ske av avfallet innan användning, t.ex.;SKA;;;;;Alltid;;;;;Nej;Nej;Nej;Nej;10;Miljopaverkan och forsiktighetsmatt;Miljo-PM;Nej;Nej;Ej behandlad;AUTO_GENERERAD. Verifiera citat mot kallfil.;MEDIUM;AUTO;Nej;;;;
KRAV-AUTO-000064;ADMIN-INDEX-2026-02-27-00000000125C043F57453246863FE664CAFE6A3F0700950291EA24F0614FB6ACEDB12BF0E31D00000000010C0000950291EA24F0614FB6ACEDB12BF0E31D00002087B1E10000;cmm4yumvs0042cuqw49d8jgsb;cmm55w57p0004cuisfrtpqly8;Informationskrav;DagvattenLakvatten;Uppsamling;Beskriv om särskilda skyddsåtgärder ska vidtas för att minimera risken för att föroreningar sprids.;Beskriv om särskilda skyddsåtgärder ska vidtas för att minimera risken för att föroreningar sprids.;SKA;;;;;Vid nederbord och avrinning;;;;;Nej;Ja;Ja;Nej;6;Lakvattenhantering;Flodesschema dagvatten-lakvatten;Nej;Nej;Ej behandlad;AUTO_GENERERAD. Verifiera citat mot kallfil.;MEDIUM;AUTO;Nej;;;;
KRAV-AUTO-000065;ADMIN-INDEX-2026-02-27-00000000125C043F57453246863FE664CAFE6A3F0700950291EA24F0614FB6ACEDB12BF0E31D00000000010C0000950291EA24F0614FB6ACEDB12BF0E31D00002087B5EE0000;cmm4yumvf003qcuqwql1iswbe;cmm55w57p0004cuisfrtpqly8;Beslutsvillkor;MiljopaverkanForsiktighet;Skyddsatgarder;Här kommer våra avfallskoder Leveransadress: Köpmansgatan 99 953 33 Haparanda Org nr 556469-0187 Kontakt: Krister Asplund krister@asplundslast.se 0705221401 Faktura: fakturor@asplundslast.se Kirveskarivägen 96 953 92 Haparanda Från: Natalie Öman <Natalie.Oman@haparanda.se> Skickat: den 24 november 2025 13:36 Till: Krister Asplund <krister@asplundslast.se> Kopia: Mia Jakobsson <Miia.Jakobsson@haparanda.se> Ämne: Avfallskoder Hej Krister Här får du mailet med information om vad du ska komplettera med.;Här kommer våra avfallskoder Leveransadress: Köpmansgatan 99 953 33 Haparanda Org nr 556469-0187 Kontakt: Krister Asplund krister@asplundslast.se 0705221401 Faktura: fakturor@asplundslast.se Kirveskarivägen 96 953 92 Haparanda Från: Natalie Öman <Natalie.Oman@haparanda.se> Skickat: den 24 november 2025 13:36 Till: Kris;SKA;;;;;Alltid;;556469;;;Nej;Nej;Nej;Nej;10;Miljopaverkan och forsiktighetsmatt;Miljo-PM;Nej;Nej;Ej behandlad;AUTO_GENERERAD. Verifiera citat mot kallfil.;MEDIUM;AUTO;Nej;;;;
KRAV-AUTO-000066;ADMIN-INDEX-2026-02-27-00000000125C043F57453246863FE664CAFE6A3F0700950291EA24F0614FB6ACEDB12BF0E31D00000000010C0000950291EA24F0614FB6ACEDB12BF0E31D00002087B1E10000;cmm4yumwt004zcuqwyk3bvtfw;cmm55w57p0004cuisfrtpqly8;Informationskrav;DagvattenLakvatten;Uppsamling;Allt avfall som används ska vara ”rent” och får inte innehålla några föroreningar som kan innebära att föroreningsrisken inte endast är ringa.;Allt avfall som används ska vara ”rent” och får inte innehålla några föroreningar som kan innebära att föroreningsrisken inte endast är ringa.;SKA;;;;Driftbegransning vid avvikelse;Vid nederbord och avrinning;;02 2024;;;Nej;Ja;Ja;Nej;6;Lakvattenhantering;Flodesschema dagvatten-lakvatten;Nej;Nej;Ej behandlad;AUTO_GENERERAD. Verifiera citat mot kallfil.;MEDIUM;AUTO;Nej;;;;
KRAV-AUTO-000067;ADMIN-INDEX-2026-02-27-00000000125C043F57453246863FE664CAFE6A3F0700950291EA24F0614FB6ACEDB12BF0E31D00000000010C0000950291EA24F0614FB6ACEDB12BF0E31D00002087B1E10000;cmm4yumwt004zcuqwyk3bvtfw;cmm55w57p0004cuisfrtpqly8;Informationskrav;Ytkonstruktion;Tat yta;• Om det använda avfallet behöver flyttas bort i framtiden ska det omhändertas på en godkänd avfallsanläggning eller användas för anläggningsändamål på annan plats efter anmälan till tillsynsmyndigheten.;• Om det använda avfallet behöver flyttas bort i framtiden ska det omhändertas på en godkänd avfallsanläggning eller användas för anläggningsändamål på annan plats efter anmälan till tillsynsmyndigheten.;SKA;;;;;Vid mellanlagring av avfall;;02 2024;;;Ja;Nej;Nej;Nej;5;Teknisk beskrivning av platta;Teknisk ritning platta;Nej;Nej;Ej behandlad;AUTO_GENERERAD. Verifiera citat mot kallfil.;MEDIUM;AUTO;Nej;;;;
KRAV-AUTO-000068;ADMIN-INDEX-2026-02-27-00000000125C043F57453246863FE664CAFE6A3F0700950291EA24F0614FB6ACEDB12BF0E31D00000000010C0000950291EA24F0614FB6ACEDB12BF0E31D00002087B1E10000;cmm4yumwt004zcuqwyk3bvtfw;cmm55w57p0004cuisfrtpqly8;Informationskrav;DagvattenLakvatten;Uppsamling;Förutsättningarna för att avfallet ska få användas är att syftet är anläggningsändamål och föroreningsrisken är liten.;Förutsättningarna för att avfallet ska få användas är att syftet är anläggningsändamål och föroreningsrisken är liten.;SKA;;;;;Vid nederbord och avrinning;;02 2024;;;Nej;Ja;Ja;Nej;6;Lakvattenhantering;Flodesschema dagvatten-lakvatten;Nej;Nej;Ej behandlad;AUTO_GENERERAD. Verifiera citat mot kallfil.;MEDIUM;AUTO;Nej;;;;
KRAV-AUTO-000069;ADMIN-INDEX-2026-02-27-00000000125C043F57453246863FE664CAFE6A3F0700950291EA24F0614FB6ACEDB12BF0E31D00000000010C0000950291EA24F0614FB6ACEDB12BF0E31D00002087B1E10000;cmm4yumxo005tcuqwriyqkzvz;cmm55w57p0004cuisfrtpqly8;Informationskrav;MiljopaverkanForsiktighet;Skyddsatgarder;Västerviks kommun, Miljö- och byggnadskontoret, 593 80 Västervik, Besöksadress Lunnargatan 1 Växel 010-355 40 00, E-post: mbn@vastervik.se Webbplats: www.vastervik.se DELEGATIONSBESLUT Diarienummer 2024-10-09 2024-1499 Beslutsnummer MILJÖ- OCH BYGGNADSKONTORET 2024-748 Kanonaden Entreprenad AB Dichmansgatan 20 59332 Västervik Västervik 3:1 – Förbud att anmäld miljöfarlig verksamhet inte får påbörjas förrän miljö- och byggnadsnämnden fattat beslut i ärendet Beslut Miljö- och byggnadsnämnden beslutar att den anmälda miljöfarliga verksamheten, i form av mellanlagring av massor från arbete på Stora Trädgårdsgatan, på fastigheten Västervik 3:1 tills vidare inte får påbörjas.;Västerviks kommun, Miljö- och byggnadskontoret, 593 80 Västervik, Besöksadress Lunnargatan 1 Växel 010-355 40 00, E-post: mbn@vastervik.se Webbplats: www.vastervik.se DELEGATIONSBESLUT Diarienummer 2024-10-09 2024-1499 Beslutsnummer MILJÖ- OCH BYGGNADSKONTORET 2024-748 Kanonaden Entreprenad AB Dichmansgatan 20 59332 Vä;BOR;FMH;2024-10-09;Arlig;Forbud;Alltid;;09 2024;;;Nej;Nej;Nej;Nej;10;Miljopaverkan och forsiktighetsmatt;Miljo-PM;Nej;Nej;Ej behandlad;AUTO_GENERERAD. Verifiera citat mot kallfil.;HIGH;AUTO;Nej;;;;
KRAV-AUTO-000070;ADMIN-INDEX-2026-02-27-00000000125C043F57453246863FE664CAFE6A3F0700950291EA24F0614FB6ACEDB12BF0E31D00000000010C0000950291EA24F0614FB6ACEDB12BF0E31D00002087B1DD0000;cmm4yumy00065cuqwb9q5fm5z;cmm55w57p0004cuisfrtpqly8;Beslutsvillkor;Riskhantering;Riskkontroll;Det organiska och brännbara avfallet som lämnas på plats riskerar att orsaka lukter till närboende.;Det organiska och brännbara avfallet som lämnas på plats riskerar att orsaka lukter till närboende.;SKA;;;;;Vid risk for incident;;;;;Nej;Nej;Ja;Ja;8;Riskhantering;Risk-PM;Nej;Nej;Ej behandlad;AUTO_GENERERAD. Verifiera citat mot kallfil.;MEDIUM;AUTO;Nej;;;;
KRAV-AUTO-000071;ADMIN-INDEX-2026-02-27-00000000125C043F57453246863FE664CAFE6A3F0700950291EA24F0614FB6ACEDB12BF0E31D00000000010C0000950291EA24F0614FB6ACEDB12BF0E31D00002087B1DD0000;cmm4yumy00065cuqwb9q5fm5z;cmm55w57p0004cuisfrtpqly8;Beslutsvillkor;MiljopaverkanForsiktighet;Skyddsatgarder;Uppgifter om det farliga avfallet registreras i Naturvårdsverkets elektroniska register.;Uppgifter om det farliga avfallet registreras i Naturvårdsverkets elektroniska register.;SKA;Naturvardsverket;;Arlig;;Alltid;;;;;Nej;Nej;Nej;Nej;10;Miljopaverkan och forsiktighetsmatt;Miljo-PM;Nej;Nej;Ej behandlad;AUTO_GENERERAD. Verifiera citat mot kallfil.;HIGH;AUTO;Nej;;;;
KRAV-AUTO-000072;ADMIN-INDEX-2026-02-27-00000000125C043F57453246863FE664CAFE6A3F0700950291EA24F0614FB6ACEDB12BF0E31D00000000010C0000950291EA24F0614FB6ACEDB12BF0E31D00002087B5F30000;cmm4yumv4003hcuqw0spjrgud;cmm55w57p0004cuisfrtpqly8;Beslutsvillkor;MiljopaverkanForsiktighet;Skyddsatgarder;Från: Händel, Nike (Skövde) SWE <nike.handel@heidelbergmaterials.com> Skickat: 2026-01-26 22:35 Till: Händel, Nike (Skövde) SWE <nike.handel@heidelbergmaterials.com> Ämne: 0840-106 Från: Lotta Rundberg <Lotta.Rundberg@morbylanga.se> Skickat: den 17 juni 2025 13:22 Till: Händel, Nike (Skövde) SWE <nike.handel@heidelbergmaterials.com> Ämne: Sv: 0840-106 Hej Nike Enligt 43§ i Naturvårdsverkets föreskrifter NFS 2004:10 om deponering, kriterier och förfaranden för mottagning av avfall vid anläggningar för deponering av avfall så ska sättningar i deponin mätas årligen under deponins aktiva fas.;Från: Händel, Nike (Skövde) SWE <nike.handel@heidelbergmaterials.com> Skickat: 2026-01-26 22:35 Till: Händel, Nike (Skövde) SWE <nike.handel@heidelbergmaterials.com> Ämne: 0840-106 Från: Lotta Rundberg <Lotta.Rundberg@morbylanga.se> Skickat: den 17 juni 2025 13:22 Till: Händel, Nike (Skövde) SWE <nike.handel@heidelberg;SKA;Naturvardsverket;2026-01-26;Arlig;;Alltid;;2025 13;;;Nej;Nej;Nej;Nej;10;Miljopaverkan och forsiktighetsmatt;Miljo-PM;Nej;Nej;Ej behandlad;AUTO_GENERERAD. Verifiera citat mot kallfil.;MEDIUM;AUTO;Nej;;;;
